{
  "experiment": "baseline_ra1000",
  "seed": 137,
  "n_samples": 150,
  "score": -0.5166219900594369,
  "metrics": {
    "D_conv_contrast": 0.0,
    "profile_JS_min": 0.09148542096528631,
    "profile_JS_mean": 0.0990753522986218,
    "JS_35": 0.001513800398957015,
    "JS_peak": 0.14843834649330678,
    "phi_peak_js": 90.0,
    "JS_discriminability_Dconv": 0.01073236826110378,
    "Ra_eq_median": 134.64968542215274,
    "Ra_pole_median": 69.08752553298396,
    "Ra_log_ratio": 0.6673022962577286,
    "consistency_error": 0.0,
    "D_cond_35_median": 26.38234619483531,
    "juno_excess": 0.0,
    "sanity_penalty": 0.0
  },
  "diagnostics": {
    "uniform": {
      "latitudes_deg": [
        0.0,
        5.0,
        10.0,
        15.0,
        20.0,
        25.0,
        30.0,
        35.0,
        40.0,
        45.0,
        50.0,
        55.0,
        60.0,
        65.0,
        70.0,
        75.0,
        80.0,
        85.0,
        90.0
      ],
      "n_valid": 150,
      "clamp_fraction": [
        0.7,
        0.7,
        0.7,
        0.7066666666666667,
        0.7066666666666667,
        0.7066666666666667,
        0.7133333333333334,
        0.7333333333333333,
        0.74,
        0.74,
        0.7266666666666667,
        0.7266666666666667,
        0.7333333333333333,
        0.7666666666666667,
        0.7733333333333333,
        0.7866666666666666,
        0.8066666666666666,
        0.8266666666666667,
        0.8266666666666667
      ],
      "convecting_fraction": [
        0.3,
        0.3,
        0.3,
        0.29333333333333333,
        0.29333333333333333,
        0.29333333333333333,
        0.2866666666666667,
        0.26666666666666666,
        0.26,
        0.26,
        0.2733333333333333,
        0.2733333333333333,
        0.26666666666666666,
        0.23333333333333334,
        0.22666666666666666,
        0.21333333333333335,
        0.19333333333333333,
        0.17333333333333334,
        0.17333333333333334
      ],
      "D_cond": {
        "median": [
          25.658584020412697,
          25.66762124074543,
          25.66539004432849,
          25.612577621517005,
          25.570356017752243,
          25.78785485098998,
          25.95088202821662,
          26.386604071459935,
          26.411391625467388,
          26.85652723237215,
          27.333003134926777,
          27.96541061437145,
          28.648622347397527,
          29.77074760644166,
          30.918825212973758,
          32.631241565347,
          34.893651711864095,
          37.97333106749991,
          41.586531792004315
        ],
        "p16": [
          14.717311967013478,
          14.71831224623711,
          14.744942134923548,
          14.78502888192434,
          14.806611564899724,
          14.779532766623632,
          14.711202522615062,
          14.662794736124802,
          15.086368709552273,
          15.287730752623972,
          15.150249205084098,
          15.238802948162801,
          15.862459650610504,
          17.631380988654573,
          19.15467543251516,
          20.185278196845292,
          21.672035631589072,
          23.587670027657524,
          25.709759700696935
        ],
        "p84": [
          41.28737337025565,
          41.290837844974185,
          41.308396803300596,
          41.34123140549011,
          41.41698608746425,
          41.59139674129585,
          43.03688500107412,
          42.10586799014278,
          42.49823624645346,
          42.911007366559915,
          43.31107378416768,
          43.35876823932817,
          44.28350583944958,
          45.79700736903663,
          47.51055040818396,
          49.77079499358785,
          54.01531691371291,
          58.31761115828127,
          63.321259067487624
        ]
      },
      "D_conv": {
        "median": [
          0.0,
          0.0,
          0.0,
          0.0,
          0.0,
          0.0,
          0.0,
          0.0,
          0.0,
          0.0,
          0.0,
          0.0,
          0.0,
          0.0,
          0.0,
          0.0,
          0.0,
          0.0,
          0.0
        ],
        "p16": [
          0.0,
          0.0,
          0.0,
          0.0,
          0.0,
          0.0,
          0.0,
          0.0,
          0.0,
          0.0,
          0.0,
          0.0,
          0.0,
          0.0,
          0.0,
          0.0,
          0.0,
          0.0,
          0.0
        ],
        "p84": [
          15.471673746462354,
          15.452042743344139,
          15.310224536028306,
          15.119888878021928,
          14.858749740756775,
          14.62940110546798,
          14.365214851961822,
          13.751458143805868,
          13.443013806530777,
          12.871781092713457,
          12.419405457609525,
          11.802200715072782,
          10.985142675531854,
          10.170295825407786,
          9.315315721124323,
          7.8158425918024905,
          5.620770687970181,
          4.466712624670185,
          4.490031910351462
        ]
      },
      "H_total": {
        "median": [
          30.830250003235463,
          30.801534126172527,
          30.8635105834087,
          31.036658191529902,
          31.07203653205215,
          31.1053738902189,
          30.93490381976143,
          31.065885297841763,
          31.05234097674451,
          31.422660134763476,
          31.85387266868468,
          31.918189415531472,
          32.221921078324584,
          32.62105144831165,
          33.39753135571021,
          34.599484125827914,
          36.43282678108653,
          38.711495581929285,
          41.774060307012455
        ],
        "p16": [
          20.13822168203388,
          20.15184631368861,
          20.190067267598266,
          20.123874548489965,
          20.113761955544398,
          20.236706525649094,
          20.37891698663534,
          20.68807692695477,
          21.02353377643041,
          21.24908583261922,
          21.453274917323736,
          21.90781999320346,
          22.48374449002522,
          23.199753280741326,
          24.142811148415635,
          25.366831266846543,
          26.730510977737346,
          28.593618826558618,
          30.828997738251598
        ],
        "p84": [
          48.992915848652196,
          48.97296052157043,
          48.76193277847607,
          47.58199728108626,
          46.40512027230697,
          45.737507941588575,
          45.27215496788957,
          44.982007889530344,
          45.068163868551814,
          44.999507972461075,
          45.30740419587194,
          45.811583797167685,
          46.438377023956576,
          47.104507116156945,
          48.7614497804496,
          50.32866836455554,
          54.014069942413904,
          58.324319380135705,
          63.320805307715254
        ]
      }
    },
    "polar": {
      "latitudes_deg": [
        0.0,
        5.0,
        10.0,
        15.0,
        20.0,
        25.0,
        30.0,
        35.0,
        40.0,
        45.0,
        50.0,
        55.0,
        60.0,
        65.0,
        70.0,
        75.0,
        80.0,
        85.0,
        90.0
      ],
      "n_valid": 150,
      "clamp_fraction": [
        0.6666666666666666,
        0.6666666666666666,
        0.6666666666666666,
        0.68,
        0.6866666666666666,
        0.6933333333333334,
        0.7,
        0.7333333333333333,
        0.74,
        0.7533333333333333,
        0.7733333333333333,
        0.7933333333333333,
        0.8266666666666667,
        0.84,
        0.8533333333333334,
        0.8533333333333334,
        0.86,
        0.8666666666666667,
        0.8666666666666667
      ],