{
  "experiment": "baseline_ra1000",
  "seed": 42,
  "n_samples": 150,
  "score": -0.5525675390324529,
  "metrics": {
    "D_conv_contrast": 0.0,
    "profile_JS_min": 0.09129342512952938,
    "profile_JS_mean": 0.09889527343619019,
    "JS_35": 0.003053459325227126,
    "JS_peak": 0.14050797024822714,
    "phi_peak_js": 85.0,
    "JS_discriminability_Dconv": 0.0029760214390607905,
    "Ra_eq_median": 142.70578032165028,
    "Ra_pole_median": 68.0895433511657,
    "Ra_log_ratio": 0.7399613775467883,
    "consistency_error": 0.0,
    "D_cond_35_median": 28.151724376728822,
    "juno_excess": 0.0,
    "sanity_penalty": 0.0
  },
  "diagnostics": {
    "uniform": {
      "latitudes_deg": [
        0.0,
        5.0,
        10.0,
        15.0,
        20.0,
        25.0,
        30.0,
        35.0,
        40.0,
        45.0,
        50.0,
        55.0,
        60.0,
        65.0,
        70.0,
        75.0,
        80.0,
        85.0,
        90.0
      ],
      "n_valid": 150,
      "clamp_fraction": [
        0.74,
        0.74,
        0.74,
        0.7533333333333333,
        0.7466666666666667,
        0.7466666666666667,
        0.7466666666666667,
        0.7666666666666667,
        0.76,
        0.7666666666666667,
        0.7666666666666667,
        0.7666666666666667,
        0.7866666666666666,
        0.7933333333333333,
        0.7933333333333333,
        0.7933333333333333,
        0.8,
        0.8133333333333334,
        0.8133333333333334
      ],
      "convecting_fraction": [
        0.26,
        0.26,
        0.26,
        0.24666666666666667,
        0.25333333333333335,
        0.25333333333333335,
        0.25333333333333335,
        0.23333333333333334,
        0.24,
        0.23333333333333334,
        0.23333333333333334,
        0.23333333333333334,
        0.21333333333333335,
        0.20666666666666667,
        0.20666666666666667,
        0.20666666666666667,
        0.2,
        0.18666666666666668,
        0.18666666666666668
      ],
      "D_cond": {
        "median": [
          28.046657415820547,
          27.993620463971347,
          27.58710499567724,
          27.509525039505732,
          27.578727832986843,
          27.71557610556399,
          27.786261414533513,
          28.154573410746035,
          28.53925673405258,
          28.810689012288236,
          29.151315314948036,
          29.579141920435056,
          30.570638180146084,
          31.631598148945592,
          32.9836313850993,
          34.54469865113806,
          36.727363666417205,
          40.23153470589955,
          43.711346737596415
        ],
        "p16": [
          15.696883488486861,
          15.6778713431224,
          15.61797623846947,
          15.518467432283597,
          15.33783751145257,
          15.202826142202797,
          15.114937949704814,
          15.510308731503628,
          15.831888056193435,
          16.16893673199847,
          16.181129973860074,
          16.43876487577435,
          17.477994015841475,
          18.193758292411147,
          19.058496845785776,
          19.83876305343379,
          21.183056430238935,
          22.836782086882142,
          25.227298096529285
        ],
        "p84": [
          51.15106783688071,
          51.14649001799503,
          51.04652933526997,
          50.84117939113859,
          48.121895859227685,
          47.799904041753834,
          47.40884947172505,
          46.736848837909854,
          45.46739936177763,
          46.052540818863655,
          45.9334712905613,
          45.932658883275444,
          46.462119318670155,
          47.11080614736921,
          48.70824353169981,
          51.01798675045405,
          53.488172334839525,
          57.381329705910325,
          62.598936532122565
        ]
      },
      "D_conv": {
        "median": [
          0.0,
          0.0,
          0.0,
          0.0,
          0.0,
          0.0,
          0.0,
          0.0,
          0.0,
          0.0,
          0.0,
          0.0,
          0.0,
          0.0,
          0.0,
          0.0,
          0.0,
          0.0,
          0.0
        ],
        "p16": [
          0.0,
          0.0,
          0.0,
          0.0,
          0.0,
          0.0,
          0.0,
          0.0,
          0.0,
          0.0,
          0.0,
          0.0,
          0.0,
          0.0,
          0.0,
          0.0,
          0.0,
          0.0,
          0.0
        ],
        "p84": [
          12.120980921468238,
          12.111553240195947,
          12.083448485949985,
          8.990178816406432,
          11.91938967187804,
          11.812772514051384,
          11.47042856278476,
          8.729727929506755,
          11.069541835710027,
          8.422942586624561,
          6.469678114810147,
          6.440578148172094,
          5.271567756818026,
          5.14361364098087,
          5.059002472286567,
          4.979706669304256,
          4.765770768042736,
          4.4213282284032,
          4.4378311815517995
        ]
      },
      "H_total": {
        "median": [
          31.884921986758474,
          31.886623286648167,
          31.8904714433144,
          31.76107509198284,
          31.758555295459388,
          31.811758094698405,
          32.0521901784404,
          31.597777531457776,
          31.6444637902218,
          32.08837714319048,
          32.41166627286489,
          33.05358957956439,
          33.547423603614305,
          34.302913931740356,
          35.64503470397678,
          36.586792330368496,
          38.37149889640122,
          40.55889048018183,
          44.06599830009058
        ],
        "p16": [
          19.39275889010143,
          19.39208654763934,
          19.39108824515543,
          19.393081534719407,
          19.40325535408956,
          19.567906058707653,
          19.785741376201614,
          20.48157883878177,
          20.78521298152972,
          21.203591276234835,
          21.244028404149226,
          21.81229664620704,
          22.19196261245999,
          23.07644850902216,
          23.704355088124935,
          24.61934971551691,
          25.843399499514916,
          27.825051042279895,
          30.727586389580015
        ],
        "p84": [
          53.42818834258687,
          53.40549154175527,
          53.19202591439449,
          52.79574937163009,
          52.2622483279319,
          51.296244767088176,
          49.791127270118906,
          48.71046030350039,
          48.69896132025866,
          47.276757198604685,
          47.05100069926986,
          47.07701287648521,
          46.86550260962815,
          47.506348108928,
          48.706412620011285,
          51.015782580923755,
          53.48792828528316,
          57.38255428278304,
          62.60093957435798
        ]
      }
    },
    "polar": {
      "latitudes_deg": [
        0.0,
        5.0,
        10.0,
        15.0,
        20.0,
        25.0,
        30.0,
        35.0,
        40.0,
        45.0,
        50.0,
        55.0,
        60.0,
        65.0,
        70.0,
        75.0,
        80.0,
        85.0,
        90.0
      ],
      "n_valid": 150,
      "clamp_fraction": [
        0.6866666666666666,
        0.6866666666666666,
        0.6933333333333334,
        0.7066666666666667,
        0.7066666666666667,
        0.7066666666666667,
        0.7333333333333333,
        0.7666666666666667,
        0.7666666666666667,
        0.7866666666666666,
        0.7933333333333333,
        0.8066666666666666,
        0.82,
        0.8266666666666667,
        0.84,
        0.8466666666666667,
        0.8533333333333334,
        0.86,
        0.86
      ],